NCES LEA ID,State ID,District Name,City,State,Zip Code,Zip +4,"SRSA, Not RLIS eligible",LEA Operational Status,Zip Code Text,,,,,,,,,,,,,,,,,,,,,,,,
0900212,288,ACHIEVEMENT FIRST HARTFORD AC,HARTFORD,CT,06112,1028,#REF!,Open,06112,,,,,,,,,,,,,,,,,,,,,,,,
0900024,279,AMISTAD ACADEMY DISTRICT,NEW HAVEN,CT,06513,,#REF!,Open,06513,,,,,,,,,,,,,,,,,,,,,,,,
0900030,001,ANDOVER SCHOOL DISTRICT,ANDOVER,CT,06232,1526,#REF!,Open,06232,,,,,,,,,,,,,,,,,,,,,,,,
0900060,002,ANSONIA SCHOOL DISTRICT,ANSONIA,CT,06401,1798,#REF!,Open,06401,,,,,,,,,,,,,,,,,,,,,,,,
0900070,244,AREA COOPERATIVE EDUCATIONAL,NORTH HAVEN,CT,06473,3108,#REF!,Open,06473,,,,,,,,,,,,,,,,,,,,,,,,
0900090,003,ASHFORD SCHOOL DISTRICT,ASHFORD,CT,06278,1113,#REF!,Open,06278,,,,,,,,,,,,,,,,,,,,,,,,
0900120,004,AVON SCHOOL DISTRICT,AVON,CT,06001,3730,#REF!,Open,06001,,,,,,,,,,,,,,,,,,,,,,,,
0900150,005,BARKHAMSTED SCHOOL DISTRICT,BARKHAMSTED,CT,06063,,#REF!,Open,06063,,,,,,,,,,,,,,,,,,,,,,,,
0900210,007,BERLIN SCHOOL DISTRICT,BERLIN,CT,06037,2648,#REF!,Open,06037,,,,,,,,,,,,,,,,,,,,,,,,
0900240,008,BETHANY SCHOOL DISTRICT,BETHANY,CT,06524,3322,#REF!,Open,06524,,,,,,,,,,,,,,,,,,,,,,,,
0900270,009,BETHEL SCHOOL DISTRICT,BETHEL,CT,06801,0253,#REF!,Open,06801,,,,,,,,,,,,,,,,,,,,,,,,
0900330,011,BLOOMFIELD SCHOOL DISTRICT,BLOOMFIELD,CT,06002,3099,#REF!,Open,06002,,,,,,,,,,,,,,,,,,,,,,,,
0900360,012,BOLTON SCHOOL DISTRICT,BOLTON,CT,06043,7498,#REF!,Open,06043,,,,,,,,,,,,,,,,,,,,,,,,
0900390,013,BOZRAH SCHOOL DISTRICT,BOZRAH,CT,06334,1304,#REF!,Open,06334,,,,,,,,,,,,,,,,,,,,,,,,
0900420,014,BRANFORD SCHOOL DISTRICT,BRANFORD,CT,06405,3717,#REF!,Open,06405,,,,,,,,,,,,,,,,,,,,,,,,
0900208,285,BRIDGEPORT ACHIEVEMENT FIRST,BRIDGEPORT,CT,06608,,#REF!,Open,06608,,,,,,,,,,,,,,,,,,,,,,,,
0900450,015,BRIDGEPORT SCHOOL DISTRICT,BRIDGEPORT,CT,06604,4023,#REF!,Open,06604,,,,,,,,,,,,,,,,,,,,,,,,
0900510,017,BRISTOL SCHOOL DISTRICT,BRISTOL,CT,06011,0450,#REF!,Open,06011,,,,,,,,,,,,,,,,,,,,,,,,
0900540,018,BROOKFIELD SCHOOL DISTRICT,BROOKFIELD,CT,06804,3331,#REF!,Open,06804,,,,,,,,,,,,,,,,,,,,,,,,
0900570,019,BROOKLYN SCHOOL DISTRICT,BROOKLYN,CT,06234,1805,#REF!,Open,06234,,,,,,,,,,,,,,,,,,,,,,,,
0900630,021,CANAAN SCHOOL DISTRICT,FALLS VILLAGE,CT,06031,0237,#REF!,Open,06031,,,,,,,,,,,,,,,,,,,,,,,,
0900660,022,CANTERBURY SCHOOL DISTRICT,CANTERBURY,CT,06331,1538,#REF!,Open,06331,,,,,,,,,,,,,,,,,,,,,,,,
0900690,023,CANTON SCHOOL DISTRICT,CANTON,CT,06019,1008,#REF!,Open,06019,,,,,,,,,,,,,,,,,,,,,,,,
0900700,241,CAPITOL REGION EDUCATION COUN,HARTFORD,CT,06106,3567,#REF!,Open,06106,,,,,,,,,,,,,,,,,,,,,,,,
0900720,024,CHAPLIN SCHOOL DISTRICT,CHAPLIN,CT,06235,0295,#REF!,Open,06235,,,,,,,,,,,,,,,,,,,,,,,,
0900213,287,CHARTER SCHOOL FOR YOUNG CHIL,HARTFORD,CT,06106,,#REF!,Open,06106,,,,,,,,,,,,,,,,,,,,,,,,
0900750,025,CHESHIRE SCHOOL DISTRICT,CHESHIRE,CT,06410,2495,#REF!,Open,06410,,,,,,,,,,,,,,,,,,,,,,,,
0900780,026,CHESTER SCHOOL DISTRICT,DEEP RIVER,CT,06417,0187,#REF!,Open,06417,,,,,,,,,,,,,,,,,,,,,,,,
0900810,027,CLINTON SCHOOL DISTRICT,CLINTON,CT,06413,1493,#REF!,Open,06413,,,,,,,,,,,,,,,,,,,,,,,,
0900840,028,COLCHESTER SCHOOL DISTRICT,COLCHESTER,CT,06415,1260,#REF!,Open,06415,,,,,,,,,,,,,,,,,,,,,,,,
0900870,029,COLEBROOK SCHOOL DISTRICT,COLEBROOK,CT,06021,0009,#REF!,Open,06021,,,,,,,,,,,,,,,,,,,,,,,,
0900900,030,COLUMBIA SCHOOL DISTRICT,COLUMBIA,CT,06237,0166,#REF!,Open,06237,,,,,,,,,,,,,,,,,,,,,,,,
0900014,268,COMMON GROUND HIGH SCHOOL DIS,NEW HAVEN,CT,06515,0069,#REF!,Open,06515,,,,,,,,,,,,,,,,,,,,,,,,
0900002,900,CONNECTICUT TECHNICAL HIGH SC,MIDDLETOWN,CT,06457,1543,#REF!,Open,06457,,,,,,,,,,,,,,,,,,,,,,,,
0900910,243,COOPERATIVE EDUCATIONAL SERVI,TRUMBULL,CT,06611,4723,#REF!,Open,06611,,,,,,,,,,,,,,,,,,,,,,,,
0900930,031,CORNWALL SCHOOL DISTRICT,FALLS VILLAGE,CT,06031,1600,#REF!,Open,06031,,,,,,,,,,,,,,,,,,,,,,,,
0900960,032,COVENTRY SCHOOL DISTRICT,COVENTRY,CT,06238,1654,#REF!,Open,06238,,,,,,,,,,,,,,,,,,,,,,,,
0900990,033,CROMWELL SCHOOL DISTRICT,CROMWELL,CT,06416,1398,#REF!,Open,06416,,,,,,,,,,,,,,,,,,,,,,,,
0901020,034,DANBURY SCHOOL DISTRICT,DANBURY,CT,06810,6211,#REF!,Open,06810,,,,,,,,,,,,,,,,,,,,,,,,
0901050,035,DARIEN SCHOOL DISTRICT,DARIEN,CT,06820,1167,#REF!,Open,06820,,,,,,,,,,,,,,,,,,,,,,,,
0901080,036,DEEP RIVER SCHOOL DISTRICT,DEEP RIVER,CT,06417,0187,#REF!,Open,06417,,,,,,,,,,,,,,,,,,,,,,,,
0900027,337,DEPARTMENT OF MENTAL HEALTH A,HARTFORD,CT,06134,,#REF!,Open,06134,,,,,,,,,,,,,,,,,,,,,,,,
0900026,332,DEPARTMENT OF SOCIAL SERVICES,HARTFORD,CT,06106,5033,#REF!,Open,06106,,,,,,,,,,,,,,,,,,,,,,,,
0901110,037,DERBY SCHOOL DISTRICT,DERBY,CT,06418,0373,#REF!,Open,06418,,,,,,,,,,,,,,,,,,,,,,,,
0901170,040,EAST GRANBY SCHOOL DISTRICT,EAST GRANBY,CT,06026,0158,#REF!,Open,06026,,,,,,,,,,,,,,,,,,,,,,,,
0901200,041,EAST HADDAM SCHOOL DISTRICT,MOODUS,CT,06469,0401,#REF!,Open,06469,,,,,,,,,,,,,,,,,,,,,,,,
0901230,042,EAST HAMPTON SCHOOL DISTRICT,EAST HAMPTON,CT,06424,1119,#REF!,Open,06424,,,,,,,,,,,,,,,,,,,,,,,,
0901260,043,EAST HARTFORD SCHOOL DISTRICT,EAST HARTFORD,CT,06108,2681,#REF!,Open,06108,,,,,,,,,,,,,,,,,,,,,,,,
0901290,044,EAST HAVEN SCHOOL DISTRICT,EAST HAVEN,CT,06513,1597,#REF!,Open,06513,,,,,,,,,,,,,,,,,,,,,,,,
0901320,045,EAST LYME SCHOOL DISTRICT,EST LYME,CT,06333,0176,#REF!,Open,06333,,,,,,,,,,,,,,,,,,,,,,,,
0901350,047,EAST WINDSOR SCHOOL DISTRICT,EAST WINDSOR,CT,06016,9552,#REF!,Open,06016,,,,,,,,,,,,,,,,,,,,,,,,
0901360,253,EASTERN CONNECTICUT REGIONAL,HAMPTON,CT,06247,1612,#REF!,Open,06247,,,,,,,,,,,,,,,,,,,,,,,,
0901380,039,EASTFORD SCHOOL DISTRICT,EASTFORD,CT,06242,0158,#REF!,Open,06242,,,,,,,,,,,,,,,,,,,,,,,,
0901410,046,EASTON SCHOOL DISTRICT,MONROE,CT,06468,2853,#REF!,Open,06468,,,,,,,,,,,,,,,,,,,,,,,,
0903512,242,EDUCATION CONNECTION,DANBURY,CT,06810,,#REF!,Open,06810,,,,,,,,,,,,,,,,,,,,,,,,
0901440,048,ELLINGTON SCHOOL DISTRICT,ELLINGTON,CT,06029,3341,#REF!,Open,06029,,,,,,,,,,,,,,,,,,,,,,,,
0900214,289,ELM CITY COLLEGE PREPARATORY,NEW HAVEN,CT,06513,,#REF!,Open,06513,,,,,,,,,,,,,,,,,,,,,,,,
0901470,049,ENFIELD SCHOOL DISTRICT,ENFIELD,CT,06082,3199,#REF!,Open,06082,,,,,,,,,,,,,,,,,,,,,,,,
0901500,050,ESSEX SCHOOL DISTRICT,DEEP RIVER,CT,06417,0187,#REF!,Open,06417,,,,,,,,,,,,,,,,,,,,,,,,
0900018,272,EXPLORATIONS DISTRICT,WINSTED,CT,06098,1641,#REF!,Open,06098,,,,,,,,,,,,,,,,,,,,,,,,
0901530,051,FAIRFIELD SCHOOL DISTRICT,FAIRFIELD,CT,06430,0222,#REF!,Open,06430,,,,,,,,,,,,,,,,,,,,,,,,
0901560,052,FARMINGTON SCHOOL DISTRICT,FARMINGTON,CT,06032,1041,#REF!,Open,06032,,,,,,,,,,,,,,,,,,,,,,,,
0901590,053,FRANKLIN SCHOOL DISTRICT,NORTH FRANKLIN,CT,06254,1219,#REF!,Open,06254,,,,,,,,,,,,,,,,,,,,,,,,
0901620,054,GLASTONBURY SCHOOL DISTRICT,GLASTONBURY,CT,06033,2354,#REF!,Open,06033,,,,,,,,,,,,,,,,,,,,,,,,
0901680,056,GRANBY SCHOOL DISTRICT,GRANBY,CT,06035,9449,#REF!,Open,06035,,,,,,,,,,,,,,,,,,,,,,,,
0901710,057,GREENWICH SCHOOL DISTRICT,GREENWICH,CT,06830,6521,#REF!,Open,06830,,,,,,,,,,,,,,,,,,,,,,,,
0901740,058,GRISWOLD SCHOOL DISTRICT,GRISWOLD,CT,06351,2540,#REF!,Open,06351,,,,,,,,,,,,,,,,,,,,,,,,
0901770,059,GROTON SCHOOL DISTRICT,MYSTIC,CT,06355,1042,#REF!,Open,06355,,,,,,,,,,,,,,,,,,,,,,,,
0901800,060,GUILFORD SCHOOL DISTRICT,GUILFORD,CT,06437,1838,#REF!,Open,06437,,,,,,,,,,,,,,,,,,,,,,,,
0901860,062,HAMDEN SCHOOL DISTRICT,HAMDEN,CT,06517,2825,#REF!,Open,06517,,,,,,,,,,,,,,,,,,,,,,,,
0901890,063,HAMPTON SCHOOL DISTRICT,CHAPLIN,CT,06235,0277,#REF!,Open,06235,,,,,,,,,,,,,,,,,,,,,,,,
0901920,064,HARTFORD SCHOOL DISTRICT,HARTFORD,CT,06103,1009,#REF!,Open,06103,,,,,,,,,,,,,,,,,,,,,,,,
0901950,065,HARTLAND SCHOOL DISTRICT,EAST HARTLAND,CT,06027,9710,#REF!,Open,06027,,,,,,,,,,,,,,,,,,,,,,,,
0902010,067,HEBRON SCHOOL DISTRICT,HEBRON,CT,06248,1525,#REF!,Open,06248,,,,,,,,,,,,,,,,,,,,,,,,
0900207,286,HIGHVILLE MUSTARD SEED CHARTE,HAMDEN,CT,06517,,#REF!,Open,06517,,,,,,,,,,,,,,,,,,,,,,,,
0900010,264,INTEGRATED DAY CHARTER SCHOOL,NORWICH,CT,06360,6943,#REF!,Open,06360,,,,,,,,,,,,,,,,,,,,,,,,
0900011,265,INTRDIST SCH FOR ARTS AND COM,NEW LONDON,CT,06320,5613,#REF!,Open,06320,,,,,,,,,,,,,,,,,,,,,,,,
0900007,261,JUMOKE ACADEMY DISTRICT,HARTFORD,CT,06112,1836,#REF!,Open,06112,,,,,,,,,,,,,,,,,,,,,,,,
0902040,068,KENT SCHOOL DISTRICT,FALLS VILLAGE,CT,06031,1600,#REF!,Open,06031,,,,,,,,,,,,,,,,,,,,,,,,
0902070,069,KILLINGLY SCHOOL DISTRICT,DANIELSON,CT,06239,0210,#REF!,Open,06239,,,,,,,,,,,,,,,,,,,,,,,,
0903450,245,LEARN,OLD LYME,CT,06371,0220,#REF!,Open,06371,,,,,,,,,,,,,,,,,,,,,,,,
0902130,071,LEBANON SCHOOL DISTRICT,LEBANON,CT,06249,1742,#REF!,Open,06249,,,,,,,,,,,,,,,,,,,,,,,,
0902160,072,LEDYARD SCHOOL DISTRICT,LEDYARD,CT,06339,1504,#REF!,Open,06339,,,,,,,,,,,,,,,,,,,,,,,,
0902190,073,LISBON SCHOOL DISTRICT,LISBON,CT,06351,2926,#REF!,Open,06351,,,,,,,,,,,,,,,,,,,,,,,,
0902220,074,LITCHFIELD SCHOOL DISTRICT,LITCHFIELD,CT,06759,0110,#REF!,Open,06759,,,,,,,,,,,,,,,,,,,,,,,,
0902280,076,MADISON SCHOOL DISTRICT,MADISON,CT,06443,2562,#REF!,Open,06443,,,,,,,,,,,,,,,,,,,,,,,,
0902310,077,MANCHESTER SCHOOL DISTRICT,MANCHESTER,CT,06040,2022,#REF!,Open,06040,,,,,,,,,,,,,,,,,,,,,,,,
0902340,078,MANSFIELD SCHOOL DISTRICT,STORRS,CT,06268,2222,#REF!,Open,06268,,,,,,,,,,,,,,,,,,,,,,,,
0902370,079,MARLBOROUGH SCHOOL DISTRICT,MARLBOROUGH,CT,06447,1507,#REF!,Open,06447,,,,,,,,,,,,,,,,,,,,,,,,
0902400,080,MERIDEN SCHOOL DISTRICT,MERIDEN,CT,06450,0848,#REF!,Open,06450,,,,,,,,,,,,,,,,,,,,,,,,
0902490,083,MIDDLETOWN SCHOOL DISTRICT,MIDDLETOWN,CT,06457,4356,#REF!,Open,06457,,,,,,,,,,,,,,,,,,,,,,,,
0902520,084,MILFORD SCHOOL DISTRICT,MILFORD,CT,06460,3364,#REF!,Open,06460,,,,,,,,,,,,,,,,,,,,,,,,
0902550,085,MONROE SCHOOL DISTRICT,MONROE,CT,06468,2362,#REF!,Open,06468,,,,,,,,,,,,,,,,,,,,,,,,
0902580,086,MONTVILLE SCHOOL DISTRICT,OAKDALE,CT,06370,0078,#REF!,Open,06370,,,,,,,,,,,,,,,,,,,,,,,,
0902640,088,NAUGATUCK SCHOOL DISTRICT,NAUGATUCK,CT,06770,2887,#REF!,Open,06770,,,,,,,,,,,,,,,,,,,,,,,,
0900028,280,NEW BEGINNINGS INC.,BRIDGEPORT,CT,06608,,#REF!,Open,06608,,,,,,,,,,,,,,,,,,,,,,,,
0902670,089,NEW BRITAIN SCHOOL DISTRICT,NEW BRITAIN,CT,06050,1960,#REF!,Open,06050,,,,,,,,,,,,,,,,,,,,,,,,
0902700,090,NEW CANAAN SCHOOL DISTRICT,NEW CANAAN,CT,06840,4723,#REF!,Open,06840,,,,,,,,,,,,,,,,,,,,,,,,
0902730,091,NEW FAIRFIELD SCHOOL DISTRICT,NEW FAIRFIELD,CT,06812,2618,#REF!,Open,06812,,,,,,,,,,,,,,,,,,,,,,,,
0902760,092,NEW HARTFORD SCHOOL DISTRICT,NEW HARTFORD,CT,06057,0315,#REF!,Open,06057,,,,,,,,,,,,,,,,,,,,,,,,
0902790,093,NEW HAVEN SCHOOL DISTRICT,NEW HAVEN,CT,06519,1743,#REF!,Open,06519,,,,,,,,,,,,,,,,,,,,,,,,
0902820,095,NEW LONDON SCHOOL DISTRICT,NEW LONDON,CT,06320,5296,#REF!,Open,06320,,,,,,,,,,,,,,,,,,,,,,,,
0902850,096,NEW MILFORD SCHOOL DISTRICT,NEW MILFORD,CT,06776,3099,#REF!,Open,06776,,,,,,,,,,,,,,,,,,,,,,,,
0902880,094,NEWINGTON SCHOOL DISTRICT,NEWINGTON,CT,06111,2698,#REF!,Open,06111,,,,,,,,,,,,,,,,,,,,,,,,
0902910,097,NEWTOWN SCHOOL DISTRICT,NEWTOWN,CT,06470,2151,#REF!,Open,06470,,,,,,,,,,,,,,,,,,,,,,,,
0902940,098,NORFOLK SCHOOL DISTRICT,NORFOLK,CT,06058,1353,#REF!,Open,06058,,,,,,,,,,,,,,,,,,,,,,,,
0902970,099,NORTH BRANFORD SCHOOL DISTRIC,NORTHFORD,CT,06472,1380,#REF!,Open,06472,,,,,,,,,,,,,,,,,,,,,,,,
0903000,100,NORTH CANAAN SCHOOL DISTRICT,FALLS VILLAGE,CT,06031,1600,#REF!,Open,06031,,,,,,,,,,,,,,,,,,,,,,,,
0903030,101,NORTH HAVEN SCHOOL DISTRICT,NORTH HAVEN,CT,06473,2586,#REF!,Open,06473,,,,,,,,,,,,,,,,,,,,,,,,
0903060,102,NORTH STONINGTON SCHOOL DISTR,NORTH STONINGTON,CT,06359,1615,#REF!,Open,06359,,,,,,,,,,,,,,,,,,,,,,,,
0903090,103,NORWALK SCHOOL DISTRICT,NORWALK,CT,06852,6001,#REF!,Open,06852,,,,,,,,,,,,,,,,,,,,,,,,
0905371,901,NORWICH FREE ACADEMY,NORWICH,CT,06360,3563,#REF!,Open,06360,,,,,,,,,,,,,,,,,,,,,,,,
0903120,104,NORWICH SCHOOL DISTRICT,NORWICH,CT,06360,2324,#REF!,Open,06360,,,,,,,,,,,,,,,,,,,,,,,,
0900009,263,ODYSSEY COMMUNITY SCHOOL DIST,MANCHESTER,CT,06040,2121,#REF!,Open,06040,,,,,,,,,,,,,,,,,,,,,,,,
0903180,106,OLD SAYBROOK SCHOOL DISTRICT,OLD SAYBROOK,CT,06475,2399,#REF!,Open,06475,,,,,,,,,,,,,,,,,,,,,,,,
0903210,107,ORANGE SCHOOL DISTRICT,ORANGE,CT,06477,2432,#REF!,Open,06477,,,,,,,,,,,,,,,,,,,,,,,,
0903240,108,OXFORD SCHOOL DISTRICT,OXFORD,CT,06478,1231,#REF!,Open,06478,,,,,,,,,,,,,,,,,,,,,,,,
0900033,283,PARK CITY PREP CHARTER SCHOOL,BRIDGEPORT,CT,06608,,#REF!,Open,06608,,,,,,,,,,,,,,,,,,,,,,,,
0903270,109,PLAINFIELD SCHOOL DISTRICT,PLAINFIELD,CT,06374,,#REF!,Open,06374,,,,,,,,,,,,,,,,,,,,,,,,
0903300,110,PLAINVILLE SCHOOL DISTRICT,PLAINVILLE,CT,06062,2398,#REF!,Open,06062,,,,,,,,,,,,,,,,,,,,,,,,
0903330,111,PLYMOUTH SCHOOL DISTRICT,TERRYVILLE,CT,06786,5104,#REF!,Open,06786,,,,,,,,,,,,,,,,,,,,,,,,
0903360,112,POMFRET SCHOOL DISTRICT,POMFRET CENTER,CT,06259,1814,#REF!,Open,06259,,,,,,,,,,,,,,,,,,,,,,,,
0903390,113,PORTLAND SCHOOL DISTRICT,PORTLAND,CT,06480,0231,#REF!,Open,06480,,,,,,,,,,,,,,,,,,,,,,,,
0903420,114,PRESTON SCHOOL DISTRICT,PRESTON,CT,06365,9756,#REF!,Open,06365,,,,,,,,,,,,,,,,,,,,,,,,
0903480,116,PUTNAM SCHOOL DISTRICT,PUTNAM,CT,06260,1890,#REF!,Open,06260,,,,,,,,,,,,,,,,,,,,,,,,
0903510,117,REDDING SCHOOL DISTRICT,MONROE,CT,06468,1365,#REF!,Open,06468,,,,,,,,,,,,,,,,,,,,,,,,
0903600,201,REGIONAL SCHOOL DISTRICT 01,FALLS VILLAGE,CT,06031,1600,#REF!,Open,06031,,,,,,,,,,,,,,,,,,,,,,,,
0903630,204,REGIONAL SCHOOL DISTRICT 04,DEEP RIVER,CT,06417,0187,#REF!,Open,06417,,,,,,,,,,,,,,,,,,,,,,,,
0903660,205,REGIONAL SCHOOL DISTRICT 05,WOODBRIDGE,CT,06525,1598,#REF!,Open,06525,,,,,,,,,,,,,,,,,,,,,,,,
0903515,206,REGIONAL SCHOOL DISTRICT 06,LITCHFIELD,CT,06759,3204,#REF!,Open,06759,,,,,,,,,,,,,,,,,,,,,,,,
0903720,207,REGIONAL SCHOOL DISTRICT 07,WINSTED,CT,06098,0656,#REF!,Open,06098,,,,,,,,,,,,,,,,,,,,,,,,
0903750,208,REGIONAL SCHOOL DISTRICT 08,HEBRON,CT,06248,1525,#REF!,Open,06248,,,,,,,,,,,,,,,,,,,,,,,,
0903780,209,REGIONAL SCHOOL DISTRICT 09,MONROE,CT,06468,2853,#REF!,Open,06468,,,,,,,,,,,,,,,,,,,,,,,,
0903520,210,REGIONAL SCHOOL DISTRICT 10,BURLINGTON,CT,06013,1313,#REF!,Open,06013,,,,,,,,,,,,,,,,,,,,,,,,
0903570,211,REGIONAL SCHOOL DISTRICT 11,CHAPLIN,CT,06235,0295,#REF!,Open,06235,,,,,,,,,,,,,,,,,,,,,,,,
0903530,212,REGIONAL SCHOOL DISTRICT 12,WASHINGTON DEPOT,CT,06794,0386,#REF!,Open,06794,,,,,,,,,,,,,,,,,,,,,,,,
0903535,213,REGIONAL SCHOOL DISTRICT 13,DURHAM,CT,06422,2001,#REF!,Open,06422,,,,,,,,,,,,,,,,,,,,,,,,
0903536,214,REGIONAL SCHOOL DISTRICT 14,WOODBURY,CT,06798,0469,#REF!,Open,06798,,,,,,,,,,,,,,,,,,,,,,,,
0903537,215,REGIONAL SCHOOL DISTRICT 15,MIDDLEBURY,CT,06762,0395,#REF!,Open,06762,,,,,,,,,,,,,,,,,,,,,,,,
0903538,216,REGIONAL SCHOOL DISTRICT 16,PROSPECT,CT,06712,1629,#REF!,Open,06712,,,,,,,,,,,,,,,,,,,,,,,,
0903539,217,REGIONAL SCHOOL DISTRICT 17,HIGGANUM,CT,06441,4323,#REF!,Open,06441,,,,,,,,,,,,,,,,,,,,,,,,
0903540,218,REGIONAL SCHOOL DISTRICT 18,OLD LYME,CT,06371,2334,#REF!,Open,06371,,,,,,,,,,,,,,,,,,,,,,,,
0900005,219,REGIONAL SCHOOL DISTRICT 19,STORRS,CT,06268,2287,#REF!,Open,06268,,,,,,,,,,,,,,,,,,,,,,,,
0903810,118,RIDGEFIELD SCHOOL DISTRICT,RIDGEFIELD,CT,06877,0629,#REF!,Open,06877,,,,,,,,,,,,,,,,,,,,,,,,
0903840,119,ROCKY HILL SCHOOL DISTRICT,ROCKY HILL,CT,06067,0627,#REF!,Open,06067,,,,,,,,,,,,,,,,,,,,,,,,
0903900,121,SALEM SCHOOL DISTRICT,SALEM,CT,06420,3804,#REF!,Open,06420,,,,,,,,,,,,,,,,,,,,,,,,
0903930,122,SALISBURY SCHOOL DISTRICT,FALLS VILLAGE,CT,06031,1600,#REF!,Open,06031,,,,,,,,,,,,,,,,,,,,,,,,
0903960,123,SCOTLAND SCHOOL DISTRICT,CHAPLIN,CT,06235,0277,#REF!,Open,06235,,,,,,,,,,,,,,,,,,,,,,,,
0903990,124,SEYMOUR SCHOOL DISTRICT,SEYMOUR,CT,06483,2892,#REF!,Open,06483,,,,,,,,,,,,,,,,,,,,,,,,
0904020,125,SHARON SCHOOL DISTRICT,FALLS VILLAGE,CT,06031,1600,#REF!,Open,06031,,,,,,,,,,,,,,,,,,,,,,,,
0904050,126,SHELTON SCHOOL DISTRICT,SHELTON,CT,06484,2265,#REF!,Open,06484,,,,,,,,,,,,,,,,,,,,,,,,
0904080,127,SHERMAN SCHOOL DISTRICT,SHERMAN,CT,06784,1422,#REF!,Open,06784,,,,,,,,,,,,,,,,,,,,,,,,
0900016,270,SIDE BY SIDE COMMUNITY SCHOOL,NORWALK,CT,06854,,#REF!,Open,06854,,,,,,,,,,,,,,,,,,,,,,,,
0904110,128,SIMSBURY SCHOOL DISTRICT,SIMSBURY,CT,06070,1897,#REF!,Open,06070,,,,,,,,,,,,,,,,,,,,,,,,
0904140,129,SOMERS SCHOOL DISTRICT,SOMERS,CT,06071,9609,#REF!,Open,06071,,,,,,,,,,,,,,,,,,,,,,,,
0904170,132,SOUTH WINDSOR SCHOOL DISTRICT,SOUTH WINDSOR,CT,06074,1093,#REF!,Open,06074,,,,,,,,,,,,,,,,,,,,,,,,
0904230,131,SOUTHINGTON SCHOOL DISTRICT,SOUTHINGTON,CT,06489,3097,#REF!,Open,06489,,,,,,,,,,,,,,,,,,,,,,,,
0904260,133,SPRAGUE SCHOOL DISTRICT,BALTIC,CT,06330,1109,#REF!,Open,06330,,,,,,,,,,,,,,,,,,,,,,,,
0904290,134,STAFFORD SCHOOL DISTRICT,STAFFORD SPRINGS,CT,06076,0147,#REF!,Open,06076,,,,,,,,,,,,,,,,,,,,,,,,
0900031,282,STAMFORD ACADEMY,STAMFORD,CT,06092,,#REF!,Open,06092,,,,,,,,,,,,,,,,,,,,,,,,
0904320,135,STAMFORD SCHOOL DISTRICT,STAMFORD,CT,06901,9310,#REF!,Open,06901,,,,,,,,,,,,,,,,,,,,,,,,
0904350,136,STERLING SCHOOL DISTRICT,ONECO,CT,06373,0159,#REF!,Open,06373,,,,,,,,,,,,,,,,,,,,,,,,
0904380,137,STONINGTON SCHOOL DISTRICT,OLD MYSTIC,CT,06372,0479,#REF!,Open,06372,,,,,,,,,,,,,,,,,,,,,,,,
0904440,138,STRATFORD SCHOOL DISTRICT,STRATFORD,CT,06615,2739,#REF!,Open,06615,,,,,,,,,,,,,,,,,,,,,,,,
0904470,139,SUFFIELD SCHOOL DISTRICT,SUFFIELD,CT,06078,2078,#REF!,Open,06078,,,,,,,,,,,,,,,,,,,,,,,,
0900015,269,THE BRIDGE ACADEMY DISTRICT,BRIDGEPORT,CT,06608,2408,#REF!,Open,06608,,,,,,,,,,,,,,,,,,,,,,,,
0905372,902,THE GILBERT SCHOOL,WINSTED,CT,06098,1190,#REF!,Open,06098,,,,,,,,,,,,,,,,,,,,,,,,
0904500,140,THOMASTON SCHOOL DISTRICT,THOMASTON,CT,06787,1984,#REF!,Open,06787,,,,,,,,,,,,,,,,,,,,,,,,
0904530,141,THOMPSON SCHOOL DISTRICT,NORTH GROSVENORD,CT,06255,0835,#REF!,Open,06255,,,,,,,,,,,,,,,,,,,,,,,,
0904560,142,TOLLAND SCHOOL DISTRICT,TOLLAND,CT,06084,3099,#REF!,Open,06084,,,,,,,,,,,,,,,,,,,,,,,,
0904590,143,TORRINGTON SCHOOL DISTRICT,TORRINGTON,CT,06790,4822,#REF!,Open,06790,,,,,,,,,,,,,,,,,,,,,,,,
0900023,278,TRAILBLAZERS ACADEMY DISTRICT,STAMFORD,CT,06901,0360,#REF!,Open,06901,,,,,,,,,,,,,,,,,,,,,,,,
0904620,144,TRUMBULL SCHOOL DISTRICT,TRUMBULL,CT,06611,2052,#REF!,Open,06611,,,,,,,,,,,,,,,,,,,,,,,,
0900003,336,UNIFIED SCHOOL DISTRICT #1,WETHERSFIELD,CT,06109,1604,#REF!,Open,06109,,,,,,,,,,,,,,,,,,,,,,,,
0900004,347,UNIFIED SCHOOL DISTRICT #2,HARTFORD,CT,06106,7107,#REF!,Open,06106,,,,,,,,,,,,,,,,,,,,,,,,
0900001,349,UNIFIED SCHOOL DISTRICT #3,HARTFORD,CT,06106,1308,#REF!,Open,06106,,,,,,,,,,,,,,,,,,,,,,,,
0904650,145,UNION SCHOOL DISTRICT,UNION,CT,06076,4922,#REF!,Open,06076,,,,,,,,,,,,,,,,,,,,,,,,
0900025,947,UNIVERSITY OF CONNECTICUT,STORRS,CT,06269,2064,#REF!,Open,06269,,,,,,,,,,,,,,,,,,,,,,,,
0904680,146,VERNON SCHOOL DISTRICT,VERNON,CT,06066,3244,#REF!,Open,06066,,,,,,,,,,,,,,,,,,,,,,,,
0904710,147,VOLUNTOWN SCHOOL DISTRICT,VOLUNTOWN,CT,06384,0129,#REF!,Open,06384,,,,,,,,,,,,,,,,,,,,,,,,
0904740,148,WALLINGFORD SCHOOL DISTRICT,WALLINGFORD,CT,06492,2254,#REF!,Open,06492,,,,,,,,,,,,,,,,,,,,,,,,
0904830,151,WATERBURY SCHOOL DISTRICT,WATERBURY,CT,06702,1972,#REF!,Open,06702,,,,,,,,,,,,,,,,,,,,,,,,
0904860,152,WATERFORD SCHOOL DISTRICT,WATERFORD,CT,06385,2886,#REF!,Open,06385,,,,,,,,,,,,,,,,,,,,,,,,
0904890,153,WATERTOWN SCHOOL DISTRICT,WATERTOWN,CT,06795,2190,#REF!,Open,06795,,,,,,,,,,,,,,,,,,,,,,,,
0904920,155,WEST HARTFORD SCHOOL DISTRICT,WEST HARTFORD,CT,06107,2447,#REF!,Open,06107,,,,,,,,,,,,,,,,,,,,,,,,
0904950,156,WEST HAVEN SCHOOL DISTRICT,WEST HAVEN,CT,06516,1800,#REF!,Open,06516,,,,,,,,,,,,,,,,,,,,,,,,
0904980,154,WESTBROOK SCHOOL DISTRICT,WESTBROOK,CT,06498,1997,#REF!,Open,06498,,,,,,,,,,,,,,,,,,,,,,,,
0905010,157,WESTON SCHOOL DISTRICT,WESTON,CT,06883,1698,#REF!,Open,06883,,,,,,,,,,,,,,,,,,,,,,,,
0905040,158,WESTPORT SCHOOL DISTRICT,WESTPORT,CT,06880,3513,#REF!,Open,06880,,,,,,,,,,,,,,,,,,,,,,,,
0905070,159,WETHERSFIELD SCHOOL DISTRICT,WETHERSFIELD,CT,06109,2798,#REF!,Open,06109,,,,,,,,,,,,,,,,,,,,,,,,
0905100,160,WILLINGTON SCHOOL DISTRICT,WILLINGTON,CT,06279,1700,#REF!,Open,06279,,,,,,,,,,,,,,,,,,,,,,,,
0905130,161,WILTON SCHOOL DISTRICT,WILTON,CT,06897,0277,#REF!,Open,06897,,,,,,,,,,,,,,,,,,,,,,,,
0905160,162,WINCHESTER SCHOOL DISTRICT,WINSTED,CT,06098,1228,#REF!,Open,06098,,,,,,,,,,,,,,,,,,,,,,,,
0905190,163,WINDHAM SCHOOL DISTRICT,WILLIMANTIC,CT,06226,2202,#REF!,Open,06226,,,,,,,,,,,,,,,,,,,,,,,,
0905250,165,WINDSOR LOCKS SCHOOL DISTRICT,WINDSOR LOCKS,CT,06096,2399,#REF!,Open,06096,,,,,,,,,,,,,,,,,,,,,,,,
0905220,164,WINDSOR SCHOOL DISTRICT,WINDSOR,CT,06095,0010,#REF!,Open,06095,,,,,,,,,,,,,,,,,,,,,,,,
0905280,166,WOLCOTT SCHOOL DISTRICT,WOLCOTT,CT,06716,2035,#REF!,Open,06716,,,,,,,,,,,,,,,,,,,,,,,,
0905310,167,WOODBRIDGE SCHOOL DISTRICT,WOODBRIDGE,CT,06525,2099,#REF!,Open,06525,,,,,,,,,,,,,,,,,,,,,,,,
0905373,903,WOODSTOCK ACADEMY,WOODSTOCK,CT,06281,2303,#REF!,Open,06281,,,,,,,,,,,,,,,,,,,,,,,,
0905370,169,WOODSTOCK SCHOOL DISTRICT,WOODSTOCK,CT,06281,3009,#REF!,Open,06281,,,,,,,,,,,,,,,,,,,,,,,,